id;name;lo_res_image_content_type;lo_res_image_path;hi_res_image_content_type;hi_res_image_path
1024;alerces entre coihues BING.JPG;image/jpeg;game-resources/imageResources/alerces entre coihues BING.jpg;"";""
1026;Lenga marginal FOTO.JPG;image/jpeg;game-resources/imageResources/Lenga marginal FOTO.jpg;"";""
1030;Alerce sombra HERE.JPG;image/jpeg;game-resources/imageResources/Alerce sombra HERE.jpg;"";""
1032;agua colores SPOT.JPG;image/jpeg;game-resources/imageResources/agua colores SPOT.jpg;"";""
1033;agua colores GM.JPG;image/jpeg;game-resources/imageResources/agua colores GM.jpg;"";""
1037;plantacion hileras ESRI.JPG;image/jpeg;game-resources/imageResources/plantacion hileras ESRI.jpg;"";""
1052;Lenga marginal BINGz18.JPG;image/jpeg;game-resources/imageResources/Lenga marginal BINGz18.jpg;"";""
1053;Lenga alta BINGz18.JPG;image/jpeg;game-resources/imageResources/Lenga alta BINGz18.jpg;"";""
1054;Le juv y adulta SPOT_800m.JPG;image/jpeg;game-resources/imageResources/Le juv y adulta SPOT_800m.jpg;"";""
1055;Le juv y adulta BING.JPG;image/jpeg;game-resources/imageResources/Le juv y adulta BING.jpg;"";""
1058;Guindo bajo SPOT.JPG;image/jpeg;game-resources/imageResources/Guindo bajo SPOT.jpg;"";""
1059;Guindo bajo HERE.JPG;image/jpeg;game-resources/imageResources/Guindo bajo HERE.jpg;"";""
1060;Guindo bajo FOTO.JPG;image/jpeg;game-resources/imageResources/Guindo bajo FOTO.jpg;"";""
1061;Cultivos SPOT.JPG;image/jpeg;game-resources/imageResources/Cultivos SPOT.jpg;"";""
1062;Coihue y Lenga SPOT.JPG;image/jpeg;game-resources/imageResources/Coihue y Lenga SPOT.jpg;"";""
1064;Cipres de sol SPOT 450m.JPG;image/jpeg;game-resources/imageResources/Cipres de sol SPOT 450m.jpg;"";""
1065;Ciprés de sol BING.JPG;image/jpeg;game-resources/imageResources/Ciprés de sol BING.jpg;"";""
1068;Ci abi SPOT.JPG;image/jpeg;game-resources/imageResources/Ci abi SPOT.jpg;"";""
1069;Ci abi foto.JPG;image/jpeg;game-resources/imageResources/Ci abi foto.jpg;"";""
1070;Ci abi BING.JPG;image/jpeg;game-resources/imageResources/Ci abi BING.jpg;"";""
1071;Chacay SPOT.JPG;image/jpeg;game-resources/imageResources/Chacay SPOT.jpg;"";""
1075;CG SPOT.JPG;image/jpeg;game-resources/imageResources/CG SPOT.jpg;"";""
1077;CG BING.JPG;image/jpeg;game-resources/imageResources/CG BING.jpg;"";""
1080;Arbustal SPOT.JPG;image/jpeg;game-resources/imageResources/Arbustal SPOT.jpg;"";""
1082;Arbustal BINGz19.JPG;image/jpeg;game-resources/imageResources/Arbustal BINGz19.jpg;"";""
1083;Arbustal BINGz17.JPG;image/jpeg;game-resources/imageResources/Arbustal BINGz17.jpg;"";""
1084;Araucaria SPOT.JPG;image/jpeg;game-resources/imageResources/Araucaria SPOT.jpg;"";""
1085;Araucaria copas BING.JPG;image/jpeg;game-resources/imageResources/Araucaria copas BING.jpg;"";""
1081;Arbustal FOTO.JPG;image/jpeg;game-resources/imageResources/Arbustal FOTO.jpg;"";""
1074;Chacay en estepa BING.JPG;image/jpeg;game-resources/imageResources/Chacay en estepa BING.jpg;"";""
1184;Chacay BING.JPG;image/jpeg;game-resources/imageResources/Chacay BING.jpg;"";""
1072;Chacay en estepa SPOT.JPG;image/jpeg;game-resources/imageResources/Chacay en estepa SPOT.jpg;"";""
1034;Turbera SPOT.JPG;image/jpeg;game-resources/imageResources/Turbera SPOT.jpg;"";""
1036;Turbera BING.JPG;image/jpeg;game-resources/imageResources/Turbera BING.jpg;"";""
1076;CG foto.JPG;image/jpeg;game-resources/imageResources/CG foto.jpg;"";""
1079;Au Abi foto.JPG;image/jpeg;game-resources/imageResources/Au Abi foto.jpg;"";""
1035;Turbera FOTO.JPG;image/jpeg;game-resources/imageResources/Turbera FOTO.jpg;"";""
1066;Ciprés copa conica.JPG;image/jpeg;game-resources/imageResources/cipres copa conica.jpg;"";""
1057;Infraestructura BING.JPG;image/jpeg;game-resources/imageResources/Infaestructura BING.jpg;"";""
1063;Cipres de sombra SPOT 450m.JPG;image/jpeg;game-resources/imageResources/Cipres de sommbra SPOT 450m.jpg;"";""
1056;Infraestructura SPOT.JPG;image/jpeg;game-resources/imageResources/Infaestructura SPOT.jpg;"";""
1047;Maitén SPOT.JPG;image/jpeg;game-resources/imageResources/Maitén SPOT.jpg;"";""
1048;Maitén INV_FC.JPG;image/jpeg;game-resources/imageResources/Maitén INV_FC.jpg;"";""
1050;Le-Ñi-Mallin SPOT.JPG;image/jpeg;game-resources/imageResources/Le-Ñi-Mallin SPOT.jpg;"";""
1051;Le-Ñi-Mallin BING.JPG;image/jpeg;game-resources/imageResources/Le-Ñi-Mallin BING.jpg;"";""
1044;Ñire alto foll SPOT.JPG;image/jpeg;game-resources/imageResources/Ñire alto foll SPOT.jpg;"";""
1043;Ñire bajo de altura BING.JPG;image/jpeg;game-resources/imageResources/Ñire bajo de altura BING.jpg;"";""
1188;Ñire bajo de altura GSM.JPG;image/jpeg;game-resources/imageResources/Ñire bajo de altura GSM.jpg;"";""
1040;Ñire bajo de altura SPOT.JPG;image/jpeg;game-resources/imageResources/Ñire bajo de altura SPOT.jpg;"";""
1039;Ñire bajo en mallin BING.JPG;image/jpeg;game-resources/imageResources/Ñire bajo en mallin BING.jpg;"";""
1038;Ñire bajo en mallin SPOT.JPG;image/jpeg;game-resources/imageResources/Ñire bajo en mallin SPOT.jpg;"";""
1078;Au abi SPOT.JPG;image/jpeg;game-resources/imageResources/Au Abi SPOT.jpg;"";""
1028;Ñi baj con Le Ach SPOT.JPG;image/jpeg;game-resources/imageResources/Ñi baj con Le ach SPOT.jpg;"";""
1029;Ñi baj con Le ach HERE.JPG;image/jpeg;game-resources/imageResources/Ñi baj con Le ach HERE.jpg;"";""
1027;Ñi baj-Le ach de la leyenda.JPG;image/jpeg;game-resources/imageResources/Ñi baj-Le ach de la leyenda.jpg;"";""
1073;Chacay en estepa FOTO.JPG;image/jpeg;game-resources/imageResources/Chacay en estepa FOTO.jpg;"";""
1042;Ñire alto SPOT.JPG;image/jpeg;game-resources/imageResources/Ñire alto SPOT.jpg;"";""
1187;bing_RE13-57.png;"";"";image/png;game-resources/imageResources/bing_RE13-57_hi_res.png
1190;landsatCR_2_RE13-57.png;"";"";image/png;game-resources/imageResources/landsatCR_2_RE13-57_hi_res.png
1191;landsatFC_2_RE13-57.png;"";"";image/png;game-resources/imageResources/landsatFC_2_RE13-57_hi_res.png
1192;spotMS_2_RE13-57.png;"";"";image/png;game-resources/imageResources/spotMS_2_RE13-57_hi_res.png
1189;esriTopo_RE13-57.png;image/png;game-resources/imageResources/esriTopo_RE13-57.png;image/png;game-resources/imageResources/esriTopo_RE13-57_hi_res.png
1342;spotPS_14_RE4-29-1;"";"";image/png;game-resources/imageResources/spotPS_14_RE4-29-1_hi_res.png
1;game-resources/GameData/set01-Ahorcado/Labgeo3_sesion_1/5/bing_8_c7_c8.png;image/png;game-resources/GameData/set01-Ahorcado/Labgeo3_sesion_1/5/bing_8_c7_c8.png;image/png;game-resources/GameData/set01-Ahorcado/Labgeo3_sesion_1/5/bing_8_c7_c8.png
2;game-resources/GameData/set01-Ahorcado/Labgeo3_sesion_1/0/bing_8_c8.png;image/png;game-resources/GameData/set01-Ahorcado/Labgeo3_sesion_1/0/bing_8_c8.png;image/png;game-resources/GameData/set01-Ahorcado/Labgeo3_sesion_1/0/bing_8_c8.png
3;game-resources/GameData/set01-Ahorcado/Labgeo3_sesion_1/0/spotPS_8_c6_c7.png;image/png;game-resources/GameData/set01-Ahorcado/Labgeo3_sesion_1/0/spotPS_8_c6_c7.png;image/png;game-resources/GameData/set01-Ahorcado/Labgeo3_sesion_1/0/spotPS_8_c6_c7.png
4;game-resources/GameData/set01-Ahorcado/Labgeo3_sesion_1/6/spotPS_8_c4.png;image/png;game-resources/GameData/set01-Ahorcado/Labgeo3_sesion_1/6/spotPS_8_c4.png;image/png;game-resources/GameData/set01-Ahorcado/Labgeo3_sesion_1/6/spotPS_8_c4.png
5;game-resources/GameData/set01-Ahorcado/Labgeo3_sesion_1/1/landsatFC_15_c5.png;image/png;game-resources/GameData/set01-Ahorcado/Labgeo3_sesion_1/1/landsatFC_15_c5.png;image/png;game-resources/GameData/set01-Ahorcado/Labgeo3_sesion_1/1/landsatFC_15_c5.png
6;game-resources/GameData/set01-Ahorcado/Labgeo3_sesion_1/6/spotMS_100_c1.png;image/png;game-resources/GameData/set01-Ahorcado/Labgeo3_sesion_1/6/spotMS_100_c1.png;image/png;game-resources/GameData/set01-Ahorcado/Labgeo3_sesion_1/6/spotMS_100_c1.png
7;game-resources/GameData/set01-Ahorcado/Labgeo3_sesion_1/6/bing_8_c5.png;image/png;game-resources/GameData/set01-Ahorcado/Labgeo3_sesion_1/6/bing_8_c5.png;image/png;game-resources/GameData/set01-Ahorcado/Labgeo3_sesion_1/6/bing_8_c5.png
8;game-resources/GameData/set01-Ahorcado/Labgeo3_sesion_1/0/spotPS_15_c4.png;image/png;game-resources/GameData/set01-Ahorcado/Labgeo3_sesion_1/0/spotPS_15_c4.png;image/png;game-resources/GameData/set01-Ahorcado/Labgeo3_sesion_1/0/spotPS_15_c4.png
9;game-resources/GameData/set01-Ahorcado/Labgeo3_sesion_1/5/spotMS_15_c5.png;image/png;game-resources/GameData/set01-Ahorcado/Labgeo3_sesion_1/5/spotMS_15_c5.png;image/png;game-resources/GameData/set01-Ahorcado/Labgeo3_sesion_1/5/spotMS_15_c5.png
10;game-resources/GameData/set01-Ahorcado/Labgeo3_sesion_1/0/spotMS_150_c1_c2.png;image/png;game-resources/GameData/set01-Ahorcado/Labgeo3_sesion_1/0/spotMS_150_c1_c2.png;image/png;game-resources/GameData/set01-Ahorcado/Labgeo3_sesion_1/0/spotMS_150_c1_c2.png
11;game-resources/GameData/set01-Ahorcado/Labgeo3_sesion_1/2/spotMS_50_c4.png;image/png;game-resources/GameData/set01-Ahorcado/Labgeo3_sesion_1/2/spotMS_50_c4.png;image/png;game-resources/GameData/set01-Ahorcado/Labgeo3_sesion_1/2/spotMS_50_c4.png
12;game-resources/GameData/set01-Ahorcado/Labgeo3_sesion_1/1/spotPS_8_c1.png;image/png;game-resources/GameData/set01-Ahorcado/Labgeo3_sesion_1/1/spotPS_8_c1.png;image/png;game-resources/GameData/set01-Ahorcado/Labgeo3_sesion_1/1/spotPS_8_c1.png
13;game-resources/GameData/set01-Ahorcado/Labgeo3_sesion_1/1/spotPS_50_c4_c6_c7.png;image/png;game-resources/GameData/set01-Ahorcado/Labgeo3_sesion_1/1/spotPS_50_c4_c6_c7.png;image/png;game-resources/GameData/set01-Ahorcado/Labgeo3_sesion_1/1/spotPS_50_c4_c6_c7.png
14;game-resources/GameData/set01-Ahorcado/Labgeo3_sesion_1/0/bing_1_c9_c10.png;image/png;game-resources/GameData/set01-Ahorcado/Labgeo3_sesion_1/0/bing_1_c9_c10.png;image/png;game-resources/GameData/set01-Ahorcado/Labgeo3_sesion_1/0/bing_1_c9_c10.png
15;game-resources/GameData/set01-Ahorcado/Labgeo3_sesion_1/5/spotMS_150_c1_c2.png;image/png;game-resources/GameData/set01-Ahorcado/Labgeo3_sesion_1/5/spotMS_150_c1_c2.png;image/png;game-resources/GameData/set01-Ahorcado/Labgeo3_sesion_1/5/spotMS_150_c1_c2.png
16;game-resources/GameData/set01-Ahorcado/Labgeo3_sesion_1/6/spotPS_15_c3.png;image/png;game-resources/GameData/set01-Ahorcado/Labgeo3_sesion_1/6/spotPS_15_c3.png;image/png;game-resources/GameData/set01-Ahorcado/Labgeo3_sesion_1/6/spotPS_15_c3.png
17;game-resources/GameData/set01-Ahorcado/Labgeo3_sesion_1/2/spotMS_150_c1_c2_c3.png;image/png;game-resources/GameData/set01-Ahorcado/Labgeo3_sesion_1/2/spotMS_150_c1_c2_c3.png;image/png;game-resources/GameData/set01-Ahorcado/Labgeo3_sesion_1/2/spotMS_150_c1_c2_c3.png
18;game-resources/GameData/set01-Ahorcado/Labgeo3_sesion_1/2/spotMS_15_c7_c8_c9_c10.png;image/png;game-resources/GameData/set01-Ahorcado/Labgeo3_sesion_1/2/spotMS_15_c7_c8_c9_c10.png;image/png;game-resources/GameData/set01-Ahorcado/Labgeo3_sesion_1/2/spotMS_15_c7_c8_c9_c10.png
19;game-resources/GameData/set01-Ahorcado/Labgeo3_sesion_1/2/landsatFC_50_c5_c6.png;image/png;game-resources/GameData/set01-Ahorcado/Labgeo3_sesion_1/2/landsatFC_50_c5_c6.png;image/png;game-resources/GameData/set01-Ahorcado/Labgeo3_sesion_1/2/landsatFC_50_c5_c6.png
20;game-resources/GameData/set01-Ahorcado/Labgeo3_sesion_1/6/spotPS_50_c2.png;image/png;game-resources/GameData/set01-Ahorcado/Labgeo3_sesion_1/6/spotPS_50_c2.png;image/png;game-resources/GameData/set01-Ahorcado/Labgeo3_sesion_1/6/spotPS_50_c2.png
21;game-resources/GameData/set01-Ahorcado/Labgeo3_sesion_1/0/spotMS_15_c5.png;image/png;game-resources/GameData/set01-Ahorcado/Labgeo3_sesion_1/0/spotMS_15_c5.png;image/png;game-resources/GameData/set01-Ahorcado/Labgeo3_sesion_1/0/spotMS_15_c5.png
22;game-resources/GameData/set01-Ahorcado/Labgeo3_sesion_1/5/landsatFC_50_c4.png;image/png;game-resources/GameData/set01-Ahorcado/Labgeo3_sesion_1/5/landsatFC_50_c4.png;image/png;game-resources/GameData/set01-Ahorcado/Labgeo3_sesion_1/5/landsatFC_50_c4.png
23;game-resources/GameData/set01-Ahorcado/Labgeo3_sesion_1/1/spotPS_15_c2_c3.png;image/png;game-resources/GameData/set01-Ahorcado/Labgeo3_sesion_1/1/spotPS_15_c2_c3.png;image/png;game-resources/GameData/set01-Ahorcado/Labgeo3_sesion_1/1/spotPS_15_c2_c3.png
24;game-resources/GameData/set01-Ahorcado/Labgeo3_sesion_1/6/bing_1_c6.png;image/png;game-resources/GameData/set01-Ahorcado/Labgeo3_sesion_1/6/bing_1_c6.png;image/png;game-resources/GameData/set01-Ahorcado/Labgeo3_sesion_1/6/bing_1_c6.png
25;game-resources/GameData/set01-Ahorcado/Labgeo3_sesion_1/5/spotMS_150_c1_c2_arearesaltada.png;image/png;game-resources/GameData/set01-Ahorcado/Labgeo3_sesion_1/5/spotMS_150_c1_c2_arearesaltada.png;image/png;game-resources/GameData/set01-Ahorcado/Labgeo3_sesion_1/5/spotMS_150_c1_c2_arearesaltada.png
26;game-resources/GameData/set01-Ahorcado/Labgeo3_sesion_1/0/spotMS_100_c3.png;image/png;game-resources/GameData/set01-Ahorcado/Labgeo3_sesion_1/0/spotMS_100_c3.png;image/png;game-resources/GameData/set01-Ahorcado/Labgeo3_sesion_1/0/spotMS_100_c3.png
27;game-resources/GameData/set02-MultipleChoice/Opciones imagen/Follaje-Lenga.png;image/png;game-resources/GameData/set02-MultipleChoice/Opciones imagen/Follaje-Lenga.png;image/png;game-resources/GameData/set02-MultipleChoice/Opciones imagen/Follaje-Lenga.png
28;game-resources/GameData/set02-MultipleChoice/Opciones imagen/Follaje-Pitra.JPG;image/jpg;game-resources/GameData/set02-MultipleChoice/Opciones imagen/Follaje-Pitra.JPG;image/jpg;game-resources/GameData/set02-MultipleChoice/Opciones imagen/Follaje-Pitra.JPG
29;game-resources/GameData/set02-MultipleChoice/Imágenes ilustrativas/Bosque Ciprés-1.png;image/png;game-resources/GameData/set02-MultipleChoice/Imágenes ilustrativas/Bosque Ciprés-1.png;image/png;game-resources/GameData/set02-MultipleChoice/Imágenes ilustrativas/Bosque Ciprés-1.png
30;game-resources/GameData/set02-MultipleChoice/Opciones imagen/Tipos de Bosque-Lenga Marginal.JPG;image/jpg;game-resources/GameData/set02-MultipleChoice/Opciones imagen/Tipos de Bosque-Lenga Marginal.JPG;image/jpg;game-resources/GameData/set02-MultipleChoice/Opciones imagen/Tipos de Bosque-Lenga Marginal.JPG
31;game-resources/GameData/set02-MultipleChoice/Opciones imagen/Portes Solitarios-Araucaria.JPG;image/jpg;game-resources/GameData/set02-MultipleChoice/Opciones imagen/Portes Solitarios-Araucaria.JPG;image/jpg;game-resources/GameData/set02-MultipleChoice/Opciones imagen/Portes Solitarios-Araucaria.JPG
32;game-resources/GameData/set02-MultipleChoice/Opciones imagen/Portes Solitarios-Araucaria-2.JPG;image/jpg;game-resources/GameData/set02-MultipleChoice/Opciones imagen/Portes Solitarios-Araucaria-2.JPG;image/jpg;game-resources/GameData/set02-MultipleChoice/Opciones imagen/Portes Solitarios-Araucaria-2.JPG
33;game-resources/GameData/set02-MultipleChoice/Opciones imagen/Follaje-Ñire.png;image/png;game-resources/GameData/set02-MultipleChoice/Opciones imagen/Follaje-Ñire.png;image/png;game-resources/GameData/set02-MultipleChoice/Opciones imagen/Follaje-Ñire.png
34;game-resources/GameData/set02-MultipleChoice/Opciones imagen/Follaje-Raulí.png;image/png;game-resources/GameData/set02-MultipleChoice/Opciones imagen/Follaje-Raulí.png;image/png;game-resources/GameData/set02-MultipleChoice/Opciones imagen/Follaje-Raulí.png
35;game-resources/GameData/set02-MultipleChoice/Opciones imagen/Portes Solitarios-Lenga-SC.JPG;image/jpg;game-resources/GameData/set02-MultipleChoice/Opciones imagen/Portes Solitarios-Lenga-SC.JPG;image/jpg;game-resources/GameData/set02-MultipleChoice/Opciones imagen/Portes Solitarios-Lenga-SC.JPG
36;game-resources/GameData/set03-MultipleChoice/Opciones/Hum3.png;image/png;game-resources/GameData/set03-MultipleChoice/Opciones/Hum3.png;image/png;game-resources/GameData/set03-MultipleChoice/Opciones/Hum3.png
37;game-resources/GameData/set03-MultipleChoice/Opciones/hum_sinCG2.png;image/png;game-resources/GameData/set03-MultipleChoice/Opciones/hum_sinCG2.png;image/png;game-resources/GameData/set03-MultipleChoice/Opciones/hum_sinCG2.png
38;game-resources/GameData/set03-MultipleChoice/Ilustrativas/Ñi_baj cob.png;image/png;game-resources/GameData/set03-MultipleChoice/Ilustrativas/Ñi_baj cob.png;image/png;game-resources/GameData/set03-MultipleChoice/Ilustrativas/Ñi_baj cob.png
39;game-resources/GameData/set03-MultipleChoice/Opciones/1cob_mayor50.png;image/png;game-resources/GameData/set03-MultipleChoice/Opciones/1cob_mayor50.png;image/png;game-resources/GameData/set03-MultipleChoice/Opciones/1cob_mayor50.png
40;game-resources/GameData/set03-MultipleChoice/Opciones/sVald1.png;image/png;game-resources/GameData/set03-MultipleChoice/Opciones/sVald1.png;image/png;game-resources/GameData/set03-MultipleChoice/Opciones/sVald1.png
41;game-resources/GameData/set03-MultipleChoice/Opciones/No Inc1.png;image/png;game-resources/GameData/set03-MultipleChoice/Opciones/No Inc1.png;image/png;game-resources/GameData/set03-MultipleChoice/Opciones/No Inc1.png
42;game-resources/GameData/set03-MultipleChoice/Opciones/cg.png;image/png;game-resources/GameData/set03-MultipleChoice/Opciones/cg.png;image/png;game-resources/GameData/set03-MultipleChoice/Opciones/cg.png
43;game-resources/GameData/set03-MultipleChoice/Ilustrativas/Inc_cholila.JPG;image/jpg;game-resources/GameData/set03-MultipleChoice/Ilustrativas/Inc_cholila.JPG;image/jpg;game-resources/GameData/set03-MultipleChoice/Ilustrativas/Inc_cholila.JPG
44;game-resources/GameData/set03-MultipleChoice/Ilustrativas/cob_menor20.png;image/png;game-resources/GameData/set03-MultipleChoice/Ilustrativas/cob_menor20.png;image/png;game-resources/GameData/set03-MultipleChoice/Ilustrativas/cob_menor20.png
45;game-resources/GameData/set03-MultipleChoice/Ilustrativas/Mallin1.png;image/png;game-resources/GameData/set03-MultipleChoice/Ilustrativas/Mallin1.png;image/png;game-resources/GameData/set03-MultipleChoice/Ilustrativas/Mallin1.png
46;game-resources/GameData/set03-MultipleChoice/Opciones/NoGuindoInv2.png;image/png;game-resources/GameData/set03-MultipleChoice/Opciones/NoGuindoInv2.png;image/png;game-resources/GameData/set03-MultipleChoice/Opciones/NoGuindoInv2.png
47;game-resources/GameData/set03-MultipleChoice/Ilustrativas/Estepa_L.png;image/png;game-resources/GameData/set03-MultipleChoice/Ilustrativas/Estepa_L.png;image/png;game-resources/GameData/set03-MultipleChoice/Ilustrativas/Estepa_L.png
48;game-resources/GameData/set03-MultipleChoice/Opciones/NoGuindoVer2.png;image/png;game-resources/GameData/set03-MultipleChoice/Opciones/NoGuindoVer2.png;image/png;game-resources/GameData/set03-MultipleChoice/Opciones/NoGuindoVer2.png
49;game-resources/GameData/set03-MultipleChoice/Opciones/Topocg.png;image/png;game-resources/GameData/set03-MultipleChoice/Opciones/Topocg.png;image/png;game-resources/GameData/set03-MultipleChoice/Opciones/Topocg.png
50;game-resources/GameData/set03-MultipleChoice/Ilustrativas/[Originals] (1)/amb_Rp (1).png.jpg;image/jpg;game-resources/GameData/set03-MultipleChoice/Ilustrativas/[Originals] (1)/amb_Rp (1).png.jpg;image/jpg;game-resources/GameData/set03-MultipleChoice/Ilustrativas/[Originals] (1)/amb_Rp (1).png.jpg
51;game-resources/GameData/set03-MultipleChoice/Opciones/cob_no inf.png;image/png;game-resources/GameData/set03-MultipleChoice/Opciones/cob_no inf.png;image/png;game-resources/GameData/set03-MultipleChoice/Opciones/cob_no inf.png
52;game-resources/GameData/set03-MultipleChoice/Opciones/roblanto.jpg;image/jpg;game-resources/GameData/set03-MultipleChoice/Opciones/roblanto.jpg;image/jpg;game-resources/GameData/set03-MultipleChoice/Opciones/roblanto.jpg
53;game-resources/GameData/set03-MultipleChoice/Ilustrativas/RpLeRa.png;image/png;game-resources/GameData/set03-MultipleChoice/Ilustrativas/RpLeRa.png;image/png;game-resources/GameData/set03-MultipleChoice/Ilustrativas/RpLeRa.png
54;game-resources/GameData/set03-MultipleChoice/Ilustrativas/Turbera1.png;image/png;game-resources/GameData/set03-MultipleChoice/Ilustrativas/Turbera1.png;image/png;game-resources/GameData/set03-MultipleChoice/Ilustrativas/Turbera1.png
55;game-resources/GameData/set03-MultipleChoice/Ilustrativas/OtrosHum1.png;image/png;game-resources/GameData/set03-MultipleChoice/Ilustrativas/OtrosHum1.png;image/png;game-resources/GameData/set03-MultipleChoice/Ilustrativas/OtrosHum1.png
56;game-resources/GameData/set03-MultipleChoice/Opciones/noHumedal.png;image/png;game-resources/GameData/set03-MultipleChoice/Opciones/noHumedal.png;image/png;game-resources/GameData/set03-MultipleChoice/Opciones/noHumedal.png
1378;bing_IMG_9394;"";"";image/png;game-resources/imageResources/bing_IMG_9394_hi_res.png
57;game-resources/GameData/set03-MultipleChoice/Opciones/[Originals] (1)/cipresanto.png.jpg;image/jpg;game-resources/GameData/set03-MultipleChoice/Opciones/[Originals] (1)/cipresanto.png.jpg;image/jpg;game-resources/GameData/set03-MultipleChoice/Opciones/[Originals] (1)/cipresanto.png.jpg
58;game-resources/GameData/set03-MultipleChoice/Opciones/NoGuindoVer1.png;image/png;game-resources/GameData/set03-MultipleChoice/Opciones/NoGuindoVer1.png;image/png;game-resources/GameData/set03-MultipleChoice/Opciones/NoGuindoVer1.png
59;game-resources/GameData/set03-MultipleChoice/Opciones/2cob_menor20.png;image/png;game-resources/GameData/set03-MultipleChoice/Opciones/2cob_menor20.png;image/png;game-resources/GameData/set03-MultipleChoice/Opciones/2cob_menor20.png
60;game-resources/GameData/set03-MultipleChoice/Ilustrativas/GuindoLadera.png;image/png;game-resources/GameData/set03-MultipleChoice/Ilustrativas/GuindoLadera.png;image/png;game-resources/GameData/set03-MultipleChoice/Ilustrativas/GuindoLadera.png
61;game-resources/GameData/set03-MultipleChoice/Opciones/NoBosqueAltoGuindo2.png;image/png;game-resources/GameData/set03-MultipleChoice/Opciones/NoBosqueAltoGuindo2.png;image/png;game-resources/GameData/set03-MultipleChoice/Opciones/NoBosqueAltoGuindo2.png
62;game-resources/GameData/set03-MultipleChoice/Opciones/GuindoJuv1.png;image/png;game-resources/GameData/set03-MultipleChoice/Opciones/GuindoJuv1.png;image/png;game-resources/GameData/set03-MultipleChoice/Opciones/GuindoJuv1.png
63;game-resources/GameData/set03-MultipleChoice/Opciones/GuindoInv2.png;image/png;game-resources/GameData/set03-MultipleChoice/Opciones/GuindoInv2.png;image/png;game-resources/GameData/set03-MultipleChoice/Opciones/GuindoInv2.png
64;game-resources/GameData/set03-MultipleChoice/Opciones/GuindoVer2.png;image/png;game-resources/GameData/set03-MultipleChoice/Opciones/GuindoVer2.png;image/png;game-resources/GameData/set03-MultipleChoice/Opciones/GuindoVer2.png
65;game-resources/GameData/set03-MultipleChoice/Opciones/NoSvald2.png;image/png;game-resources/GameData/set03-MultipleChoice/Opciones/NoSvald2.png;image/png;game-resources/GameData/set03-MultipleChoice/Opciones/NoSvald2.png
66;game-resources/GameData/set03-MultipleChoice/Opciones/Hum1.jpg;image/jpg;game-resources/GameData/set03-MultipleChoice/Opciones/Hum1.jpg;image/jpg;game-resources/GameData/set03-MultipleChoice/Opciones/Hum1.jpg
67;game-resources/GameData/set03-MultipleChoice/Ilustrativas/Cguai1.JPG;image/jpg;game-resources/GameData/set03-MultipleChoice/Ilustrativas/Cguai1.JPG;image/jpg;game-resources/GameData/set03-MultipleChoice/Ilustrativas/Cguai1.JPG
68;game-resources/GameData/set03-MultipleChoice/Ilustrativas/mallin.png;image/png;game-resources/GameData/set03-MultipleChoice/Ilustrativas/mallin.png;image/png;game-resources/GameData/set03-MultipleChoice/Ilustrativas/mallin.png
69;game-resources/GameData/set03-MultipleChoice/Opciones/cob_inf.png;image/png;game-resources/GameData/set03-MultipleChoice/Opciones/cob_inf.png;image/png;game-resources/GameData/set03-MultipleChoice/Opciones/cob_inf.png
70;game-resources/GameData/set03-MultipleChoice/Opciones/sp_noSVald.png;image/png;game-resources/GameData/set03-MultipleChoice/Opciones/sp_noSVald.png;image/png;game-resources/GameData/set03-MultipleChoice/Opciones/sp_noSVald.png
71;game-resources/GameData/set03-MultipleChoice/Opciones/2cob_mayor50.png;image/png;game-resources/GameData/set03-MultipleChoice/Opciones/2cob_mayor50.png;image/png;game-resources/GameData/set03-MultipleChoice/Opciones/2cob_mayor50.png
72;game-resources/GameData/set03-MultipleChoice/Opciones/maitanto.png.jpg;image/jpg;game-resources/GameData/set03-MultipleChoice/Opciones/maitanto.png.jpg;image/jpg;game-resources/GameData/set03-MultipleChoice/Opciones/maitanto.png.jpg
73;game-resources/GameData/set03-MultipleChoice/Opciones/IncViejo1.png;image/png;game-resources/GameData/set03-MultipleChoice/Opciones/IncViejo1.png;image/png;game-resources/GameData/set03-MultipleChoice/Opciones/IncViejo1.png
74;game-resources/GameData/set03-MultipleChoice/Opciones/malsitioCG.png;image/png;game-resources/GameData/set03-MultipleChoice/Opciones/malsitioCG.png;image/png;game-resources/GameData/set03-MultipleChoice/Opciones/malsitioCG.png
75;game-resources/GameData/set03-MultipleChoice/Opciones/sp_SVald2.png;image/png;game-resources/GameData/set03-MultipleChoice/Opciones/sp_SVald2.png;image/png;game-resources/GameData/set03-MultipleChoice/Opciones/sp_SVald2.png
76;game-resources/GameData/set03-MultipleChoice/Opciones/cob_inf3.png;image/png;game-resources/GameData/set03-MultipleChoice/Opciones/cob_inf3.png;image/png;game-resources/GameData/set03-MultipleChoice/Opciones/cob_inf3.png
77;game-resources/GameData/set03-MultipleChoice/Opciones/BINGcg.png;image/png;game-resources/GameData/set03-MultipleChoice/Opciones/BINGcg.png;image/png;game-resources/GameData/set03-MultipleChoice/Opciones/BINGcg.png
78;game-resources/GameData/set03-MultipleChoice/Ilustrativas/[Originals] (1)/Inc_cholila.JPG;image/jpg;game-resources/GameData/set03-MultipleChoice/Ilustrativas/[Originals] (1)/Inc_cholila.JPG;image/jpg;game-resources/GameData/set03-MultipleChoice/Ilustrativas/[Originals] (1)/Inc_cholila.JPG
79;game-resources/GameData/set03-MultipleChoice/Opciones/Inc2.png;image/png;game-resources/GameData/set03-MultipleChoice/Opciones/Inc2.png;image/png;game-resources/GameData/set03-MultipleChoice/Opciones/Inc2.png
80;game-resources/GameData/set03-MultipleChoice/Ilustrativas/ñiranto.JPG;image/jpg;game-resources/GameData/set03-MultipleChoice/Ilustrativas/ñiranto.JPG;image/jpg;game-resources/GameData/set03-MultipleChoice/Ilustrativas/ñiranto.JPG
81;game-resources/GameData/set03-MultipleChoice/Opciones/NoGuindoJuv3.png;image/png;game-resources/GameData/set03-MultipleChoice/Opciones/NoGuindoJuv3.png;image/png;game-resources/GameData/set03-MultipleChoice/Opciones/NoGuindoJuv3.png
82;game-resources/GameData/set03-MultipleChoice/Opciones/SitioCG.png;image/png;game-resources/GameData/set03-MultipleChoice/Opciones/SitioCG.png;image/png;game-resources/GameData/set03-MultipleChoice/Opciones/SitioCG.png
83;game-resources/GameData/set03-MultipleChoice/Ilustrativas/amb_Rp.png.jpg;image/jpg;game-resources/GameData/set03-MultipleChoice/Ilustrativas/amb_Rp.png.jpg;image/jpg;game-resources/GameData/set03-MultipleChoice/Ilustrativas/amb_Rp.png.jpg
84;game-resources/GameData/set03-MultipleChoice/Opciones/NoGuindoJuv1.png;image/png;game-resources/GameData/set03-MultipleChoice/Opciones/NoGuindoJuv1.png;image/png;game-resources/GameData/set03-MultipleChoice/Opciones/NoGuindoJuv1.png
85;game-resources/GameData/set03-MultipleChoice/Ilustrativas/ñire_postInc.png;image/png;game-resources/GameData/set03-MultipleChoice/Ilustrativas/ñire_postInc.png;image/png;game-resources/GameData/set03-MultipleChoice/Ilustrativas/ñire_postInc.png
1380;esriTopo_IMG_9394;"";"";image/png;game-resources/imageResources/esriTopo_IMG_9394_hi_res.png
1440;IMG_9493.png;"";"";image/png;game-resources/imageResources/IMG_9493_hi_res.png
86;game-resources/GameData/set03-MultipleChoice/Ilustrativas/Herb_postInc.png;image/png;game-resources/GameData/set03-MultipleChoice/Ilustrativas/Herb_postInc.png;image/png;game-resources/GameData/set03-MultipleChoice/Ilustrativas/Herb_postInc.png
87;game-resources/GameData/set03-MultipleChoice/Ilustrativas/Au_abi.png;image/png;game-resources/GameData/set03-MultipleChoice/Ilustrativas/Au_abi.png;image/png;game-resources/GameData/set03-MultipleChoice/Ilustrativas/Au_abi.png
88;game-resources/GameData/set03-MultipleChoice/Opciones/cc.png;image/png;game-resources/GameData/set03-MultipleChoice/Opciones/cc.png;image/png;game-resources/GameData/set03-MultipleChoice/Opciones/cc.png
89;game-resources/GameData/set03-MultipleChoice/Opciones/Guindo.png;image/png;game-resources/GameData/set03-MultipleChoice/Opciones/Guindo.png;image/png;game-resources/GameData/set03-MultipleChoice/Opciones/Guindo.png
90;game-resources/GameData/set03-MultipleChoice/Opciones/IncViejo3.png;image/png;game-resources/GameData/set03-MultipleChoice/Opciones/IncViejo3.png;image/png;game-resources/GameData/set03-MultipleChoice/Opciones/IncViejo3.png
91;game-resources/GameData/set03-MultipleChoice/Opciones/CoihueSvald.png;image/png;game-resources/GameData/set03-MultipleChoice/Opciones/CoihueSvald.png;image/png;game-resources/GameData/set03-MultipleChoice/Opciones/CoihueSvald.png
92;game-resources/GameData/set03-MultipleChoice/Opciones/2cob_mayor20.png;image/png;game-resources/GameData/set03-MultipleChoice/Opciones/2cob_mayor20.png;image/png;game-resources/GameData/set03-MultipleChoice/Opciones/2cob_mayor20.png
93;game-resources/GameData/set03-MultipleChoice/Opciones/roblanto.png.jpg;image/jpg;game-resources/GameData/set03-MultipleChoice/Opciones/roblanto.png.jpg;image/jpg;game-resources/GameData/set03-MultipleChoice/Opciones/roblanto.png.jpg
94;game-resources/GameData/set03-MultipleChoice/Ilustrativas/Patagonia.png;image/png;game-resources/GameData/set03-MultipleChoice/Ilustrativas/Patagonia.png;image/png;game-resources/GameData/set03-MultipleChoice/Ilustrativas/Patagonia.png
95;game-resources/GameData/set03-MultipleChoice/Opciones/2cob_menor50.png;image/png;game-resources/GameData/set03-MultipleChoice/Opciones/2cob_menor50.png;image/png;game-resources/GameData/set03-MultipleChoice/Opciones/2cob_menor50.png
96;game-resources/GameData/set03-MultipleChoice/Opciones/cob_infmayor50.png;image/png;game-resources/GameData/set03-MultipleChoice/Opciones/cob_infmayor50.png;image/png;game-resources/GameData/set03-MultipleChoice/Opciones/cob_infmayor50.png
97;game-resources/GameData/set03-MultipleChoice/Opciones/cipresanto.png.jpg;image/jpg;game-resources/GameData/set03-MultipleChoice/Opciones/cipresanto.png.jpg;image/jpg;game-resources/GameData/set03-MultipleChoice/Opciones/cipresanto.png.jpg
98;game-resources/GameData/set03-MultipleChoice/Opciones/hum_sinCG1.png;image/png;game-resources/GameData/set03-MultipleChoice/Opciones/hum_sinCG1.png;image/png;game-resources/GameData/set03-MultipleChoice/Opciones/hum_sinCG1.png
99;game-resources/GameData/set03-MultipleChoice/Ilustrativas/OtrosHum.png;image/png;game-resources/GameData/set03-MultipleChoice/Ilustrativas/OtrosHum.png;image/png;game-resources/GameData/set03-MultipleChoice/Ilustrativas/OtrosHum.png
100;game-resources/GameData/set03-MultipleChoice/Ilustrativas/Guindo.png.jpg;image/jpg;game-resources/GameData/set03-MultipleChoice/Ilustrativas/Guindo.png.jpg;image/jpg;game-resources/GameData/set03-MultipleChoice/Ilustrativas/Guindo.png.jpg
101;game-resources/GameData/set03-MultipleChoice/Opciones/[Originals] (1)/ñiranto.png.jpg;image/jpg;game-resources/GameData/set03-MultipleChoice/Opciones/[Originals] (1)/ñiranto.png.jpg;image/jpg;game-resources/GameData/set03-MultipleChoice/Opciones/[Originals] (1)/ñiranto.png.jpg
102;game-resources/GameData/set03-MultipleChoice/Opciones/IncReciente.png;image/png;game-resources/GameData/set03-MultipleChoice/Opciones/IncReciente.png;image/png;game-resources/GameData/set03-MultipleChoice/Opciones/IncReciente.png
103;game-resources/GameData/set03-MultipleChoice/Opciones/[Originals] (1)/maitanto.png.jpg;image/jpg;game-resources/GameData/set03-MultipleChoice/Opciones/[Originals] (1)/maitanto.png.jpg;image/jpg;game-resources/GameData/set03-MultipleChoice/Opciones/[Originals] (1)/maitanto.png.jpg
104;game-resources/GameData/set03-MultipleChoice/Opciones/sp_SVald1.png;image/png;game-resources/GameData/set03-MultipleChoice/Opciones/sp_SVald1.png;image/png;game-resources/GameData/set03-MultipleChoice/Opciones/sp_SVald1.png
105;game-resources/GameData/set03-MultipleChoice/Opciones/cob_inf2.png;image/png;game-resources/GameData/set03-MultipleChoice/Opciones/cob_inf2.png;image/png;game-resources/GameData/set03-MultipleChoice/Opciones/cob_inf2.png
106;game-resources/GameData/set03-MultipleChoice/Opciones/1cob_menor20.png;image/png;game-resources/GameData/set03-MultipleChoice/Opciones/1cob_menor20.png;image/png;game-resources/GameData/set03-MultipleChoice/Opciones/1cob_menor20.png
107;game-resources/GameData/set03-MultipleChoice/Ilustrativas/[Originals] (1)/GuindoLadera.png;image/png;game-resources/GameData/set03-MultipleChoice/Ilustrativas/[Originals] (1)/GuindoLadera.png;image/png;game-resources/GameData/set03-MultipleChoice/Ilustrativas/[Originals] (1)/GuindoLadera.png
108;game-resources/GameData/set03-MultipleChoice/Opciones/ca.png;image/png;game-resources/GameData/set03-MultipleChoice/Opciones/ca.png;image/png;game-resources/GameData/set03-MultipleChoice/Opciones/ca.png
109;game-resources/GameData/set03-MultipleChoice/Opciones/al.png;image/png;game-resources/GameData/set03-MultipleChoice/Opciones/al.png;image/png;game-resources/GameData/set03-MultipleChoice/Opciones/al.png
110;game-resources/GameData/set03-MultipleChoice/Opciones/Inc3.png;image/png;game-resources/GameData/set03-MultipleChoice/Opciones/Inc3.png;image/png;game-resources/GameData/set03-MultipleChoice/Opciones/Inc3.png
111;game-resources/GameData/set03-MultipleChoice/Ilustrativas/turbera.png;image/png;game-resources/GameData/set03-MultipleChoice/Ilustrativas/turbera.png;image/png;game-resources/GameData/set03-MultipleChoice/Ilustrativas/turbera.png
112;game-resources/GameData/set03-MultipleChoice/Ilustrativas/Rp_Co.png.jpg;image/jpg;game-resources/GameData/set03-MultipleChoice/Ilustrativas/Rp_Co.png.jpg;image/jpg;game-resources/GameData/set03-MultipleChoice/Ilustrativas/Rp_Co.png.jpg
113;game-resources/GameData/set03-MultipleChoice/Opciones/3cob_infmenor50.png;image/png;game-resources/GameData/set03-MultipleChoice/Opciones/3cob_infmenor50.png;image/png;game-resources/GameData/set03-MultipleChoice/Opciones/3cob_infmenor50.png
114;game-resources/GameData/set03-MultipleChoice/Opciones/hum_sinCG.png;image/png;game-resources/GameData/set03-MultipleChoice/Opciones/hum_sinCG.png;image/png;game-resources/GameData/set03-MultipleChoice/Opciones/hum_sinCG.png
1438;IMG_9525;"";"";image/png;game-resources/imageResources/IMG_9525_hi_res.png
1439;IMG_9585;"";"";image/png;game-resources/imageResources/IMG_9585_hi_res.png
115;game-resources/GameData/set03-MultipleChoice/Ilustrativas/lluvia.png;image/png;game-resources/GameData/set03-MultipleChoice/Ilustrativas/lluvia.png;image/png;game-resources/GameData/set03-MultipleChoice/Ilustrativas/lluvia.png
116;game-resources/GameData/set03-MultipleChoice/Opciones/NoSvald3.png;image/png;game-resources/GameData/set03-MultipleChoice/Opciones/NoSvald3.png;image/png;game-resources/GameData/set03-MultipleChoice/Opciones/NoSvald3.png
117;game-resources/GameData/set03-MultipleChoice/Opciones/GuindoInv1.png;image/png;game-resources/GameData/set03-MultipleChoice/Opciones/GuindoInv1.png;image/png;game-resources/GameData/set03-MultipleChoice/Opciones/GuindoInv1.png
118;game-resources/GameData/set03-MultipleChoice/Opciones/RauliSVald.png;image/png;game-resources/GameData/set03-MultipleChoice/Opciones/RauliSVald.png;image/png;game-resources/GameData/set03-MultipleChoice/Opciones/RauliSVald.png
119;game-resources/GameData/set03-MultipleChoice/Ilustrativas/[Originals] (1)/Herb_postInc.png;image/png;game-resources/GameData/set03-MultipleChoice/Ilustrativas/[Originals] (1)/Herb_postInc.png;image/png;game-resources/GameData/set03-MultipleChoice/Ilustrativas/[Originals] (1)/Herb_postInc.png
120;game-resources/GameData/set03-MultipleChoice/Opciones/Hum2.png.jpg;image/jpg;game-resources/GameData/set03-MultipleChoice/Opciones/Hum2.png.jpg;image/jpg;game-resources/GameData/set03-MultipleChoice/Opciones/Hum2.png.jpg
121;game-resources/GameData/set03-MultipleChoice/Opciones/AlerceSvald.png;image/png;game-resources/GameData/set03-MultipleChoice/Opciones/AlerceSvald.png;image/png;game-resources/GameData/set03-MultipleChoice/Opciones/AlerceSvald.png
122;game-resources/GameData/set03-MultipleChoice/Ilustrativas/humedaltipico.png;image/png;game-resources/GameData/set03-MultipleChoice/Ilustrativas/humedaltipico.png;image/png;game-resources/GameData/set03-MultipleChoice/Ilustrativas/humedaltipico.png
123;game-resources/GameData/set03-MultipleChoice/Opciones/1cob_mayor20.png;image/png;game-resources/GameData/set03-MultipleChoice/Opciones/1cob_mayor20.png;image/png;game-resources/GameData/set03-MultipleChoice/Opciones/1cob_mayor20.png
124;game-resources/GameData/set03-MultipleChoice/Opciones/NoSvald1.png;image/png;game-resources/GameData/set03-MultipleChoice/Opciones/NoSvald1.png;image/png;game-resources/GameData/set03-MultipleChoice/Opciones/NoSvald1.png
125;game-resources/GameData/set03-MultipleChoice/Opciones/SitioCG1.png;image/png;game-resources/GameData/set03-MultipleChoice/Opciones/SitioCG1.png;image/png;game-resources/GameData/set03-MultipleChoice/Opciones/SitioCG1.png
126;game-resources/GameData/set03-MultipleChoice/Opciones/1cobinfmenor50.png;image/png;game-resources/GameData/set03-MultipleChoice/Opciones/1cobinfmenor50.png;image/png;game-resources/GameData/set03-MultipleChoice/Opciones/1cobinfmenor50.png
127;game-resources/GameData/set03-MultipleChoice/Ilustrativas/Roblepellin.jpg;image/jpg;game-resources/GameData/set03-MultipleChoice/Ilustrativas/Roblepellin.jpg;image/jpg;game-resources/GameData/set03-MultipleChoice/Ilustrativas/Roblepellin.jpg
128;game-resources/GameData/set03-MultipleChoice/Opciones/2cob_infmenor50.png;image/png;game-resources/GameData/set03-MultipleChoice/Opciones/2cob_infmenor50.png;image/png;game-resources/GameData/set03-MultipleChoice/Opciones/2cob_infmenor50.png
129;game-resources/GameData/set03-MultipleChoice/Opciones/BosqueAltoGuindo.png;image/png;game-resources/GameData/set03-MultipleChoice/Opciones/BosqueAltoGuindo.png;image/png;game-resources/GameData/set03-MultipleChoice/Opciones/BosqueAltoGuindo.png
130;game-resources/GameData/set03-MultipleChoice/Opciones/1cob_menor50.png;image/png;game-resources/GameData/set03-MultipleChoice/Opciones/1cob_menor50.png;image/png;game-resources/GameData/set03-MultipleChoice/Opciones/1cob_menor50.png
131;game-resources/GameData/set03-MultipleChoice/Opciones/GuindoVer1.png;image/png;game-resources/GameData/set03-MultipleChoice/Opciones/GuindoVer1.png;image/png;game-resources/GameData/set03-MultipleChoice/Opciones/GuindoVer1.png
132;game-resources/GameData/set03-MultipleChoice/Opciones/NoBosqueAltoGuindo1.png;image/png;game-resources/GameData/set03-MultipleChoice/Opciones/NoBosqueAltoGuindo1.png;image/png;game-resources/GameData/set03-MultipleChoice/Opciones/NoBosqueAltoGuindo1.png
133;game-resources/GameData/set03-MultipleChoice/Opciones/hum_conCG.png;image/png;game-resources/GameData/set03-MultipleChoice/Opciones/hum_conCG.png;image/png;game-resources/GameData/set03-MultipleChoice/Opciones/hum_conCG.png
134;game-resources/GameData/set03-MultipleChoice/Opciones/Landsatcg.png;image/png;game-resources/GameData/set03-MultipleChoice/Opciones/Landsatcg.png;image/png;game-resources/GameData/set03-MultipleChoice/Opciones/Landsatcg.png
135;game-resources/GameData/set03-MultipleChoice/Opciones/[Originals] (1)/NoGuindoInv1.png.jpg;image/jpg;game-resources/GameData/set03-MultipleChoice/Opciones/[Originals] (1)/NoGuindoInv1.png.jpg;image/jpg;game-resources/GameData/set03-MultipleChoice/Opciones/[Originals] (1)/NoGuindoInv1.png.jpg
136;game-resources/GameData/set03-MultipleChoice/Opciones/ñiranto.png.jpg;image/jpg;game-resources/GameData/set03-MultipleChoice/Opciones/ñiranto.png.jpg;image/jpg;game-resources/GameData/set03-MultipleChoice/Opciones/ñiranto.png.jpg
137;game-resources/GameData/set03-MultipleChoice/Ilustrativas/[Originals] (1)/amb_Rp.png.jpg;image/jpg;game-resources/GameData/set03-MultipleChoice/Ilustrativas/[Originals] (1)/amb_Rp.png.jpg;image/jpg;game-resources/GameData/set03-MultipleChoice/Ilustrativas/[Originals] (1)/amb_Rp.png.jpg
138;game-resources/GameData/set03-MultipleChoice/Ilustrativas/LengaM.png;image/png;game-resources/GameData/set03-MultipleChoice/Ilustrativas/LengaM.png;image/png;game-resources/GameData/set03-MultipleChoice/Ilustrativas/LengaM.png
139;game-resources/GameData/set03-MultipleChoice/Opciones/NoGuindoJuv2.png;image/png;game-resources/GameData/set03-MultipleChoice/Opciones/NoGuindoJuv2.png;image/png;game-resources/GameData/set03-MultipleChoice/Opciones/NoGuindoJuv2.png
140;game-resources/GameData/set03-MultipleChoice/Opciones/NoGuindoInv1.png.jpg;image/jpg;game-resources/GameData/set03-MultipleChoice/Opciones/NoGuindoInv1.png.jpg;image/jpg;game-resources/GameData/set03-MultipleChoice/Opciones/NoGuindoInv1.png.jpg
141;game-resources/GameData/set03-MultipleChoice/Opciones/SPOTcg.png;image/png;game-resources/GameData/set03-MultipleChoice/Opciones/SPOTcg.png;image/png;game-resources/GameData/set03-MultipleChoice/Opciones/SPOTcg.png
142;game-resources/GameData/set03-MultipleChoice/Opciones/Hum1.png.jpg;image/jpg;game-resources/GameData/set03-MultipleChoice/Opciones/Hum1.png.jpg;image/jpg;game-resources/GameData/set03-MultipleChoice/Opciones/Hum1.png.jpg
143;game-resources/GameData/set03-MultipleChoice/Opciones/IncViejo2.png;image/png;game-resources/GameData/set03-MultipleChoice/Opciones/IncViejo2.png;image/png;game-resources/GameData/set03-MultipleChoice/Opciones/IncViejo2.png
144;game-resources/GameData/set03-MultipleChoice/Opciones/sp_SVald3.png;image/png;game-resources/GameData/set03-MultipleChoice/Opciones/sp_SVald3.png;image/png;game-resources/GameData/set03-MultipleChoice/Opciones/sp_SVald3.png
145;game-resources/GameData/set03-MultipleChoice/Ilustrativas/SPOT_SVald.png;image/png;game-resources/GameData/set03-MultipleChoice/Ilustrativas/SPOT_SVald.png;image/png;game-resources/GameData/set03-MultipleChoice/Ilustrativas/SPOT_SVald.png
146;game-resources/GameData/set03-MultipleChoice/Opciones/NoBosqueAltoGuindo3.png;image/png;game-resources/GameData/set03-MultipleChoice/Opciones/NoBosqueAltoGuindo3.png;image/png;game-resources/GameData/set03-MultipleChoice/Opciones/NoBosqueAltoGuindo3.png
147;game-resources/GameData/set03-MultipleChoice/Opciones/Inc1.png;image/png;game-resources/GameData/set03-MultipleChoice/Opciones/Inc1.png;image/png;game-resources/GameData/set03-MultipleChoice/Opciones/Inc1.png
148;game-resources/GameData/set03-MultipleChoice/Opciones/malsitioCG1.png;image/png;game-resources/GameData/set03-MultipleChoice/Opciones/malsitioCG1.png;image/png;game-resources/GameData/set03-MultipleChoice/Opciones/malsitioCG1.png
149;game-resources/GameData/set03-MultipleChoice/Ilustrativas/reg_PostInc.png;image/png;game-resources/GameData/set03-MultipleChoice/Ilustrativas/reg_PostInc.png;image/png;game-resources/GameData/set03-MultipleChoice/Ilustrativas/reg_PostInc.png
1197;landsatCR_4_RE18-09.png;"";"";image/png;game-resources/imageResources/landsatCR_4_RE18-09_hi_res.png
1199;landsatFC_4_RE18-09.png;"";"";image/png;game-resources/imageResources/landsatFC_4_RE18-09_hi_res.png
1201;spotMS_5_RE18-09.png;"";"";image/png;game-resources/imageResources/spotMS_5_RE18-09_hi_res.png
1203;bing_RE18-09.png;"";"";image/png;game-resources/imageResources/bing_RE18-09_hi_res.png
1205;esriTopo_RE18-09.png;"";"";image/png;game-resources/imageResources/esriTopo_RE18-09_hi_res.png
1228;spotMS_2_RE7-23.png;"";"";image/png;game-resources/imageResources/spotMS_2_RE7-23_hi_res.png
1230;landsatCR_3_RE7-23.png;"";"";image/png;game-resources/imageResources/landsatCR_3_RE7-23_hi_res.png
1232;landsatFC_2_RE7-23.png;"";"";image/png;game-resources/imageResources/landsatFC_2_RE7-23_hi_res.png
1234;landsatFC_3_RE7-23.png;"";"";image/png;game-resources/imageResources/landsatFC_3_RE7-23_hi_res.png
1236;bing_RE7-23.png;"";"";image/png;game-resources/imageResources/bing_RE7-23_hi_res.png
1238;landsatCR_2_RE7-23.png;"";"";image/png;game-resources/imageResources/landsatCR_2_RE7-23_hi_res.png
1266;landsatFC_3_RE13-57.png;"";"";image/png;game-resources/imageResources/landsatFC_3_RE13-57_hi_res.png
1268;spotMS_3_RE13-57.png;"";"";image/png;game-resources/imageResources/spotMS_3_RE13-57_hi_res.png
1272;landsatCR_3_RE13-57.png;"";"";image/png;game-resources/imageResources/landsatCR_3_RE13-57_hi_res.png
1294;1024_3_esriTopo_RE13-57.png;"";"";image/png;game-resources/imageResources/1024_3_esriTopo_RE13-57_hi_res.png
1295;esriTopo_RE13-57_1024_3.png;"";"";image/png;game-resources/imageResources/esriTopo_RE13-57_1024_3_hi_res.png
1298;spotPS_9_RE13-57_1024_4.png;"";"";image/png;game-resources/imageResources/spotPS_9_RE13-57_1024_4_hi_res.png
1300;spotPS_10_RE13-57_1024_4.png;"";"";image/png;game-resources/imageResources/spotPS_10_RE13-57_1024_4_hi_res.png
1303;esriTopo_RE13-57_1024_4.png;"";"";image/png;game-resources/imageResources/esriTopo_RE13-57_1024_4_hi_res.png
1305;bing_inv_RE13-57_1024_4.png;"";"";image/png;game-resources/imageResources/bing_inv_RE13-57_1024_4_hi_res.png
1307;spotMS_2_RE13-57_1024_4.png;"";"";image/png;game-resources/imageResources/spotMS_2_RE13-57_1024_4_hi_res.png
1309;landsatFC_2_RE13-57_1024_4.png;"";"";image/png;game-resources/imageResources/landsatFC_2_RE13-57_1024_4_hi_res.png
1311;landsatCR_2_RE13-57_1024_4.png;"";"";image/png;game-resources/imageResources/landsatCR_2_RE13-57_1024_4_hi_res.png
1313;IMG_9477;"";"";image/jpeg;game-resources/imageResources/IMG_9477_hi_res.jpg
1315;IMG_9496;"";"";image/jpeg;game-resources/imageResources/IMG_9496_hi_res.jpg
1317;IMG_9451;"";"";image/jpeg;game-resources/imageResources/IMG_9451_hi_res.jpg
1319;IMG_9414;"";"";image/jpeg;game-resources/imageResources/IMG_9414_hi_res.jpg
1321;IMG_9455;"";"";image/jpeg;game-resources/imageResources/IMG_9455_hi_res.jpg
1011;9_bing_RE1-07;"";"";image/png;game-resources/imageResources/9_bing_RE1-07_hi_res.png
1012;bing_RE1-07-9;"";"";image/png;game-resources/imageResources/bing_RE1-07-9_hi_res.png
1014;bing_RE4-29-8;"";"";image/png;game-resources/imageResources/bing_RE4-29-8_hi_res.png
1016;bing_RE6-43-7;"";"";image/png;game-resources/imageResources/bing_RE6-43-7_hi_res.png
1018;bing_RE3-22-5;"";"";image/png;game-resources/imageResources/bing_RE3-22-5_hi_res.png
1021;bing_RE2-14-2;"";"";image/png;game-resources/imageResources/bing_RE2-14-2_hi_res.png
1023;bing_RE4-29-1;"";"";image/png;game-resources/imageResources/bing_RE4-29-1_hi_res.png
1025;spotPS_14_RE1-07-9;"";"";image/png;game-resources/imageResources/spotPS_14_RE1-07-9_hi_res.png
1031;spotPS_14_RE4-29-8;"";"";image/png;game-resources/imageResources/spotPS_14_RE4-29-8_hi_res.png
1330;spotPS_14_RE6-43-7;"";"";image/png;game-resources/imageResources/spotPS_14_RE6-43-7_hi_res.png
1332;spotPS_14_RE2-57-6;"";"";image/png;game-resources/imageResources/spotPS_14_RE2-57-6_hi_res.png
1334;spotPS_14_RE3-22-5;"";"";image/png;game-resources/imageResources/spotPS_14_RE3-22-5_hi_res.png
1336;spotPS_14_RE2-14-4;"";"";image/png;game-resources/imageResources/spotPS_14_RE2-14-4_hi_res.png
1338;spotPS_14_RE2-14-3;"";"";image/png;game-resources/imageResources/spotPS_14_RE2-14-3_hi_res.png
1340;spotPS_14_RE2-14-2;"";"";image/png;game-resources/imageResources/spotPS_14_RE2-14-2_hi_res.png
1441;IMG_9514;"";"";image/png;game-resources/imageResources/IMG_9514_hi_res.png
1442;IMG_9394;"";"";image/png;game-resources/imageResources/IMG_9394_hi_res.png
1019;aaa123456;image/png;game-resources/imageResources/aaa12345.png;image/png;game-resources/imageResources/aaa123456_hi_res.png
1067;course_2_banner.png;;;image/png;game-resources/imageResources/course_2_banner_hi_res.png
